,cctv_camera_count,biometric_device_count,perimeter_security_rating,internet_reliability_score,complaint_count
cctv_camera_count,1.0,0.21594664077878178,0.20864455122696743,0.19286219520043454,-0.33875099074392323
biometric_device_count,0.21594664077878178,1.0,0.17320039058201211,0.21941119613540178,-0.2610833264880528
perimeter_security_rating,0.20864455122696743,0.17320039058201211,1.0,0.1912141927806192,-0.23692647750415932
internet_reliability_score,0.19286219520043454,0.21941119613540178,0.1912141927806192,1.0,-0.4003171271214248
complaint_count,-0.33875099074392323,-0.2610833264880528,-0.23692647750415932,-0.4003171271214248,1.0
